<?xml version="1.0"?>
<PermissionSummary xmlns:xsd="http://www.w3.org/2001/XMLSchema" xmlns:xsi="http://www.w3.org/2001/XMLSchema-instance" RetrievedDate="2018-03-11T18:16:44.473">
  <Agent ID="123085299" IDType="IRD">
    <ClientList ID="123085299" IDType="IRD">
      <LogonAccess myIRLogon="BTOD_ADMIN" AccountPermission="VIEW" AccountType="RLT" AccountID="123-090-365-RLT002" />
      <LogonAccess myIRLogon="BTOD_ADMIN" AccountPermission="VIEW" AccountType="FBT" AccountID="123-074-475-FBT004" />
      <LogonAccess myIRLogon="BTOD_ADMIN" AccountPermission="VIEW" AccountType="GST" AccountID="123-092-139-GST003" />
      <LogonAccess myIRLogon="BTOD_ADMIN" AccountPermission="VIEW" AccountType="NRT" AccountID="123-088-883-NRT008" />
    </ClientList>
    <ClientList ID="123085302" IDType="IRD">
      <LogonAccess myIRLogon="BTOD_ADMIN" AccountPermission="VIEW" AccountType="RLT" AccountID="123-051-157-RLT004" />
    </ClientList>
  </Agent>
</PermissionSummary>