<?xml version="1.0"?>
<Customers xmlns:xsd="http://www.w3.org/2001/XMLSchema" xmlns:xsi="http://www.w3.org/2001/XMLSchema-instance" RetrievedDate="2019-08-22T09:32:36.91">
  <Customer ID="132217378" IDType="IRD">
    <ClientList ListID="" ListIDType="">
      <Account Type="INC" FilingFrequency="ITN03C" ID="132-217-378-INC005" Commence="2007-11-07" Cease="9999-12-31" Balance="-16299.00" BalanceTotalForecasted="-16299.00" MaxActivity="2019-08-22T09:29:39.073">
        <Period Balance="0.00" BalanceTotalForecasted="0.00" FilingPeriod="2015-03-31" Activity="2019-03-07T01:48:35.807" />
        <Period Balance="-100.00" BalanceTotalForecasted="-100.00" FilingPeriod="2016-03-31" Activity="2019-06-17T11:21:14.91" />
        <Period Balance="0.00" BalanceTotalForecasted="0.00" FilingPeriod="2017-03-31" Activity="2019-03-07T01:48:36.883" />
        <Period Balance="0.00" BalanceTotalForecasted="0.00" FilingPeriod="2018-03-31" Activity="2019-03-07T01:48:36.853" />
        <Period Balance="-16199.00" BalanceTotalForecasted="-16199.00" FilingPeriod="2019-03-31" Activity="2019-08-22T09:29:39.073">
          <BankAccounts>
            <BankAccount>
              <nzBankStandard xmlns="urn:www.ird.govt.nz/GWS:types/Common.v1">
                <bank>03</bank>
                <branch>0410</branch>
                <account>00132510</account>
                <suffix>0000</suffix>
              </nzBankStandard>
              <transactionID>1349571253</transactionID>
            </BankAccount>
          </BankAccounts>
          <Bill BillID="157889808" BillIDForDisplay="1" Due="2018-08-28" Tax="0.00" Penalty="0.00" PenaltyForecasted="0.00" Interest="0.00" InterestForecasted="0.00" Other="0.00" OtherForecasted="0.00" Credit="0.00" CreditForecasted="0.00" Balance="0.00" BalanceTotalForecasted="0.00">
            <Tx Amt="-4439.00" TransID="84869248" Type="REVTXC" Post="2019-08-22T09:29:38.963" Effect="2018-08-28" LinkID="1393341304" />
          </Bill>
          <Bill BillID="694760720" BillIDForDisplay="3" Due="2019-05-07" Tax="0.00" Penalty="0.00" PenaltyForecasted="0.00" Interest="0.00" InterestForecasted="0.00" Other="0.00" OtherForecasted="0.00" Credit="0.00" CreditForecasted="0.00" Balance="0.00" BalanceTotalForecasted="0.00">
            <Tx Amt="-4440.00" TransID="621740160" Type="REVTXC" Post="2019-08-22T09:29:39.057" Effect="2019-05-07" LinkID="1930212216" />
          </Bill>
          <Bill BillID="1231631632" BillIDForDisplay="2" Due="2019-01-15" Tax="0.00" Penalty="0.00" PenaltyForecasted="0.00" Interest="0.00" InterestForecasted="0.00" Other="0.00" OtherForecasted="0.00" Credit="0.00" CreditForecasted="0.00" Balance="0.00" BalanceTotalForecasted="0.00">
            <Tx Amt="-4440.00" TransID="1158611072" Type="REVTXC" Post="2019-08-22T09:29:39.04" Effect="2019-01-15" LinkID="856470392" />
          </Bill>
          <Bill BillID="1904454144" BillIDForDisplay="5" Due="2020-04-07" Tax="1120.00" Penalty="0.00" PenaltyForecasted="0.00" Interest="0.00" InterestForecasted="0.00" Other="0.00" OtherForecasted="0.00" Credit="-1120.00" CreditForecasted="0.00" Balance="0.00" BalanceTotalForecasted="0.00">
            <Tx Amt="1120.00" TransID="2031026304" Type="RTNORI" Post="2019-08-22T09:29:38.667" Effect="2019-04-01" LinkID="0" />
          </Bill>
        </Period>
      </Account>
    </ClientList>
  </Customer>
</Customers>