<?xml version="1.0"?>
<Customers xmlns:xsd="http://www.w3.org/2001/XMLSchema" xmlns:xsi="http://www.w3.org/2001/XMLSchema-instance" RetrievedDate="2019-03-01T10:54:58.737">
  <Customer ID="123132939" IDType="IRD">
    <ClientList ListID="" ListIDType="">
      <Account Type="FBT" FilingFrequency="FBT3M" ID="123-132-939-FBT003" Commence="2018-03-01" Cease="9999-12-31" Balance="0.00" BalanceTotalForecasted="0.00" MaxActivity="1900-01-01T00:00:00">
        <Period Balance="0.00" CreditForecasted="0.00" Credit="0.00" OtherForecasted="0.00" Other="0.00" InterestForecasted="0.00" Interest="0.00" Penalty="0.00" BalanceTotalForecasted="0.00" Tax="0.00" End="2019-03-31" Begin="2019-01-01" FilingFrequency="FBT3M" FilingPeriod="2019-03-31" PenaltyForecasted="0.00" Activity="9999-12-31T00:00:00" />
        <Period Balance="0.00" CreditForecasted="0.00" Credit="0.00" OtherForecasted="0.00" Other="0.00" InterestForecasted="0.00" Interest="0.00" Penalty="0.00" BalanceTotalForecasted="0.00" Tax="0.00" End="2019-06-30" Begin="2019-04-01" FilingFrequency="FBT3M" FilingPeriod="2019-06-30" PenaltyForecasted="0.00" Activity="9999-12-31T00:00:00" />
      </Account>
      <Account Type="GST" FilingFrequency="GST2M1" ID="123-132-939-GST002" Commence="2017-12-08" Cease="9999-12-31" Balance="0.00" BalanceTotalForecasted="0.00" MaxActivity="1900-01-01T00:00:00">
        <Period Balance="0.00" CreditForecasted="0.00" Credit="0.00" OtherForecasted="0.00" Other="0.00" InterestForecasted="0.00" Interest="0.00" Penalty="0.00" BalanceTotalForecasted="0.00" Tax="0.00" End="2019-01-31" Begin="2018-12-01" FilingFrequency="GST2M1" FilingPeriod="2019-01-31" PenaltyForecasted="0.00" Activity="9999-12-31T00:00:00" />
        <Period Balance="0.00" CreditForecasted="0.00" Credit="0.00" OtherForecasted="0.00" Other="0.00" InterestForecasted="0.00" Interest="0.00" Penalty="0.00" BalanceTotalForecasted="0.00" Tax="0.00" End="2019-03-31" Begin="2019-02-01" FilingFrequency="GST2M1" FilingPeriod="2019-03-31" PenaltyForecasted="0.00" Activity="9999-12-31T00:00:00" />
        <Period Balance="0.00" CreditForecasted="0.00" Credit="0.00" OtherForecasted="0.00" Other="0.00" InterestForecasted="0.00" Interest="0.00" Penalty="0.00" BalanceTotalForecasted="0.00" Tax="0.00" End="2019-05-31" Begin="2019-04-01" FilingFrequency="GST2M1" FilingPeriod="2019-05-31" PenaltyForecasted="0.00" Activity="9999-12-31T00:00:00" />
      </Account>
      <Account Type="RLT" FilingFrequency="RLTMO" ID="123-132-939-RLT005" Commence="2018-03-01" Cease="9999-12-31" Balance="0.00" BalanceTotalForecasted="0.00" MaxActivity="1900-01-01T00:00:00">
        <Period Balance="0.00" CreditForecasted="0.00" Credit="0.00" OtherForecasted="0.00" Other="0.00" InterestForecasted="0.00" Interest="0.00" Penalty="0.00" BalanceTotalForecasted="0.00" Tax="0.00" End="2019-01-31" Begin="2019-01-01" FilingFrequency="RLTMO" FilingPeriod="2019-01-31" PenaltyForecasted="0.00" Activity="9999-12-31T00:00:00" />
        <Period Balance="0.00" CreditForecasted="0.00" Credit="0.00" OtherForecasted="0.00" Other="0.00" InterestForecasted="0.00" Interest="0.00" Penalty="0.00" BalanceTotalForecasted="0.00" Tax="0.00" End="2019-02-28" Begin="2019-02-01" FilingFrequency="RLTMO" FilingPeriod="2019-02-28" PenaltyForecasted="0.00" Activity="9999-12-31T00:00:00" />
        <Period Balance="0.00" CreditForecasted="0.00" Credit="0.00" OtherForecasted="0.00" Other="0.00" InterestForecasted="0.00" Interest="0.00" Penalty="0.00" BalanceTotalForecasted="0.00" Tax="0.00" End="2019-03-31" Begin="2019-03-01" FilingFrequency="RLTMO" FilingPeriod="2019-03-31" PenaltyForecasted="0.00" Activity="9999-12-31T00:00:00" />
      </Account>
    </ClientList>
  </Customer>
</Customers>