<?xml version="1.0"?>
<IntermediationSummary xmlns:xsd="http://www.w3.org/2001/XMLSchema" xmlns:xsi="http://www.w3.org/2001/XMLSchema-instance" RetrievedDate="2018-03-11T18:16:44.473">
  <AgencyLinks ID="123085299" IDType="IRD">
    <ClientList ID="123085299" IDType="IRD">
      <Link ID="123041028" IDType="IRD" AccountType="AIP" />
      <Link ID="123074475" IDType="IRD" AccountType="FBT" />
      <Link ID="123088883" IDType="IRD" AccountType="NRT" />
      <Link ID="123090365" IDType="IRD" AccountType="RLT" />
      <Link ID="123092139" IDType="IRD" AccountType="GST" />
    </ClientList>
    <ClientList ID="123085302" IDType="IRD">
      <Link ID="123051157" IDType="IRD" AccountType="RLT" />
    </ClientList>
  </AgencyLinks>
  <AgencyLinks ID="123105028" IDType="IRD">
    <ClientList ID="123105028" IDType="IRD">
      <Link ID="123024052" IDType="IRD" AccountType="IPS" />
      <Link ID="123025148" IDType="IRD" AccountType="GST" />
      <Link ID="123041028" IDType="IRD" AccountType="DWT" />
      <Link ID="123051106" IDType="IRD" AccountType="FBT" />
      <Link ID="123065883" IDType="IRD" AccountType="GMD" />
      <Link ID="123068629" IDType="IRD" AccountType="AIL" />
      <Link ID="123088522" IDType="IRD" AccountType="GST" />
      <Link ID="123088883" IDType="IRD" AccountType="DWT" />
      <Link ID="501782255" IDType="IRD" AccountType="GST" />
    </ClientList>
  </AgencyLinks>
</IntermediationSummary>