<?xml version="1.0"?>
<FileTransfers xmlns:xsd="http://www.w3.org/2001/XMLSchema" xmlns:xsi="http://www.w3.org/2001/XMLSchema-instance" TotalTransactionCount="241" TotalPeriodCount="217">
  <FileTransfer FileName="HISTORY_PROVIDER_1500011034_0_201711080821583453_NZD.zip" TransactionCount="237" PeriodCount="27">
    <ChildFile FileName="HISTORY_AGENT_IRD_123105028_0_201711080821594423_NZD.xml" TransactionCount="237" PeriodCount="27" />
  </FileTransfer>
  <FileTransfer FileName="HISTORY_PROVIDER_1500011034_1_201711080821594736_NZD.zip" TransactionCount="4" PeriodCount="190">
    <ChildFile FileName="HISTORY_AGENT_IRD_123105028_1_201711080821594736_NZD.xml" TransactionCount="0" PeriodCount="3" />
    <ChildFile FileName="HISTORY_AGENT_IRD_123068610_0_201711080821595362_NZD.xml" TransactionCount="4" PeriodCount="187" />
    <ChildFile FileName="HISTORY_PROVIDER_1500011034_1_201711080821594736_NZD_INTERMEDIATION.xml" TransactionCount="0" PeriodCount="0" />
  </FileTransfer>
</FileTransfers>