<?xml version="1.0"?>
<PermissionSummary xmlns:xsd="http://www.w3.org/2001/XMLSchema" xmlns:xsi="http://www.w3.org/2001/XMLSchema-instance" RetrievedDate="2018-03-11T18:16:44.473">
  <Agent ID="123085299" IDType="IRD">
    <ClientList ID="123085299" IDType="IRD">
      <LogonAccess myIRLogon="BTOD_ADMIN" AccountPermission="VIEW" AccountType="RLT" AccountID="123-090-365-RLT002" />
      <LogonAccess myIRLogon="BTOD_ADMIN" AccountPermission="VIEW" AccountType="FBT" AccountID="123-074-475-FBT004" />
      <LogonAccess myIRLogon="BTOD_ADMIN" AccountPermission="VIEW" AccountType="GST" AccountID="123-092-139-GST003" />
      <LogonAccess myIRLogon="BTOD_ADMIN" AccountPermission="VIEW" AccountType="NRT" AccountID="123-088-883-NRT008" />
    </ClientList>
    <ClientList ID="123085302" IDType="IRD">
      <LogonAccess myIRLogon="BTOD_ADMIN" AccountPermission="VIEW" AccountType="RLT" AccountID="123-051-157-RLT004" />
    </ClientList>
  </Agent>
  <Customer ID="123068629" IDType="IRD">
    <Account ID="123068629" IDType="IRD">
      <LogonAccess myIRLogon="number2" AccountPermission="VIEW" AccountType="AIL" AccountID="123-068-629-AIL002" />
    </Account>
  </Customer>
  <Customer ID="123085299" IDType="IRD">
    <Account ID="123085299" IDType="IRD">
      <LogonAccess myIRLogon="BTOD_ADMIN" AccountPermission="VIEW" AccountType="FBT" AccountID="123-074-475-FBT004" />
      <LogonAccess myIRLogon="BTOD_ADMIN" AccountPermission="VIEW" AccountType="DWT" AccountID="123-085-299-DWT006" />
      <LogonAccess myIRLogon="BTOD_ADMIN" AccountPermission="VIEW" AccountType="RLT" AccountID="123-051-157-RLT004" />
      <LogonAccess myIRLogon="BTOD_ADMIN" AccountPermission="VIEW" AccountType="GST" AccountID="123-092-139-GST003" />
      <LogonAccess myIRLogon="BTOD_ADMIN" AccountPermission="VIEW" AccountType="NRT" AccountID="123-088-883-NRT008" />
      <LogonAccess myIRLogon="BTOD_ADMIN" AccountPermission="VIEW" AccountType="RLT" AccountID="123-090-365-RLT002" />
    </Account>
  </Customer>
  <Customer ID="123088883" IDType="IRD">
    <Account ID="123088883" IDType="IRD">
      <LogonAccess myIRLogon="number2" AccountPermission="VIEW" AccountType="IPS" AccountID="123-088-883-IPS007" />
    </Account>
  </Customer>
</PermissionSummary>