<?xml version="1.0"?>
<Customers xmlns:xsd="http://www.w3.org/2001/XMLSchema" xmlns:xsi="http://www.w3.org/2001/XMLSchema-instance" RetrievedDate="2018-03-11T18:16:44.473">
  <Customer ID="123041507" IDType="IRD">
    <ClientList ListID="" ListIDType="">
      <Account Type="GST" FilingFrequency="GST2M1" ID="123-041-507-GST002" Commence="2017-10-31" Cease="9999-12-31" Balance="0.00" BalanceTotalForecasted="0.00" MaxActivity="1900-01-01T00:00:00">
        <Period Balance="0.00" BalanceTotalForecasted="0.00" FilingPeriod="9999-12-31" Activity="1900-01-01T00:00:00" />
      </Account>
    </ClientList>
  </Customer>
  <Customer ID="123068629" IDType="IRD">
    <ClientList ListID="" ListIDType="">
      <Account Type="AIL" FilingFrequency="AILMO" ID="123-068-629-AIL002" Commence="2017-04-01" Cease="9999-12-31" Balance="0.00" BalanceTotalForecasted="0.00" MaxActivity="2017-09-15T08:48:18">
        <Period Balance="0.00" BalanceTotalForecasted="0.00" FilingPeriod="2017-04-30" Activity="9999-12-31T00:00:00" />
        <Period Balance="0.00" BalanceTotalForecasted="0.00" FilingPeriod="2017-05-31" Activity="9999-12-31T00:00:00" />
        <Period Balance="0.00" BalanceTotalForecasted="0.00" FilingPeriod="2017-06-30" Activity="9999-12-31T00:00:00" />
        <Period Balance="0.00" BalanceTotalForecasted="0.00" FilingPeriod="2017-07-31" Activity="9999-12-31T00:00:00" />
        <Period Balance="0.00" BalanceTotalForecasted="0.00" FilingPeriod="2017-08-31" Activity="2017-09-15T08:48:18" />
        <Period Balance="0.00" BalanceTotalForecasted="0.00" FilingPeriod="2017-09-30" Activity="9999-12-31T00:00:00" />
      </Account>
    </ClientList>
  </Customer>
  <Customer ID="123085299" IDType="IRD">
    <ClientList ListID="" ListIDType="">
      <Account Type="DWT" FilingFrequency="DWTMO" ID="123-085-299-DWT006" Commence="2017-01-01" Cease="9999-12-31" Balance="0.00" BalanceTotalForecasted="0.00" MaxActivity="1900-01-01T00:00:00">
        <Period Balance="0.00" BalanceTotalForecasted="0.00" FilingPeriod="2017-01-31" Activity="9999-12-31T00:00:00" />
        <Period Balance="0.00" BalanceTotalForecasted="0.00" FilingPeriod="2017-02-28" Activity="9999-12-31T00:00:00" />
        <Period Balance="0.00" BalanceTotalForecasted="0.00" FilingPeriod="2017-03-31" Activity="9999-12-31T00:00:00" />
        <Period Balance="0.00" BalanceTotalForecasted="0.00" FilingPeriod="2017-04-30" Activity="9999-12-31T00:00:00" />
        <Period Balance="0.00" BalanceTotalForecasted="0.00" FilingPeriod="2017-05-31" Activity="9999-12-31T00:00:00" />
        <Period Balance="0.00" BalanceTotalForecasted="0.00" FilingPeriod="2017-06-30" Activity="9999-12-31T00:00:00" />
        <Period Balance="0.00" BalanceTotalForecasted="0.00" FilingPeriod="2017-07-31" Activity="9999-12-31T00:00:00" />
        <Period Balance="0.00" BalanceTotalForecasted="0.00" FilingPeriod="2017-08-31" Activity="9999-12-31T00:00:00" />
        <Period Balance="0.00" BalanceTotalForecasted="0.00" FilingPeriod="2017-09-30" Activity="9999-12-31T00:00:00" />
      </Account>
    </ClientList>
  </Customer>
  <Customer ID="123088883" IDType="IRD">
    <ClientList ListID="" ListIDType="">
      <Account Type="IPS" FilingFrequency="IPSMO" ID="123-088-883-IPS007" Commence="2017-04-01" Cease="9999-12-31" Balance="0.00" BalanceTotalForecasted="0.00" MaxActivity="1900-01-01T00:00:00">
        <Period Balance="0.00" BalanceTotalForecasted="0.00" FilingPeriod="2017-04-30" Activity="9999-12-31T00:00:00" />
        <Period Balance="0.00" BalanceTotalForecasted="0.00" FilingPeriod="2017-05-31" Activity="9999-12-31T00:00:00" />
        <Period Balance="0.00" BalanceTotalForecasted="0.00" FilingPeriod="2017-06-30" Activity="9999-12-31T00:00:00" />
        <Period Balance="0.00" BalanceTotalForecasted="0.00" FilingPeriod="2017-07-31" Activity="9999-12-31T00:00:00" />
        <Period Balance="0.00" BalanceTotalForecasted="0.00" FilingPeriod="2017-08-31" Activity="9999-12-31T00:00:00">
          <PendingPayments>
            <Payment PaymentID="941543424" Amt="1000.00" Pending="2017-09-15" />
          </PendingPayments>
        </Period>
        <Period Balance="0.00" BalanceTotalForecasted="0.00" FilingPeriod="2017-09-30" Activity="9999-12-31T00:00:00" />
      </Account>
    </ClientList>
  </Customer>
</Customers>