<?xml version="1.0"?>
<IntermediationSummary xmlns:xsd="http://www.w3.org/2001/XMLSchema" xmlns:xsi="http://www.w3.org/2001/XMLSchema-instance" RetrievedDate="2019-03-01T11:22:21.527">
  <AgencyLinks ID="123149785" IDType="IRD">
    <ClientList ID="123745066" IDType="LSTID">
      <Link ID="123130189" IDType="IRD" AccountType="GST" />
      <Link ID="123132904" IDType="IRD" AccountType="GST" />
      <Link ID="123144953" IDType="IRD" AccountType="FBT" />
    </ClientList>
  </AgencyLinks>
  <AgencyLinks ID="132123764" IDType="IRD">
    <ClientList ID="1047030" IDType="CLTLID">
      <Link ID="123129891" IDType="IRD" AccountType="GST" />
      <Link ID="123133722" IDType="IRD" AccountType="FBT" />
      <Link ID="123133722" IDType="IRD" AccountType="GST" />
    </ClientList>
  </AgencyLinks>
</IntermediationSummary>