<s:Envelope xmlns:s="http://www.w3.org/2003/05/soap-envelope" xmlns:a="http://www.w3.org/2005/08/addressing">
   <s:Header>
      <a:Action s:mustUnderstand="1">https://services.ird.govt.nz/GWS/Account/Account/RetrievePeriodSummariesResponse</a:Action>
   </s:Header>
   <s:Body>
      <RetrievePeriodSummariesResponse xmlns="https://services.ird.govt.nz/GWS/Account/">
         <RetrievePeriodSummariesResult xmlns:b="https://services.ird.govt.nz/GWS/Account/:types/RetrievePeriodSummariesResponse" xmlns:i="http://www.w3.org/2001/XMLSchema-instance">
            <b:RetrievePeriodSummariesResponseWrapper>
               <retrievePeriodSummariesResponse xmlns="urn:www.ird.govt.nz/GWS:types/Account">
                  <statusMessage xmlns="urn:www.ird.govt.nz/GWS:types/Common.v1">
                     <statusCode>0</statusCode>
                     <errorMessage/>
                  </statusMessage>
                  <responseBody>
                     <period>
                        <beginDate>2017-01-01</beginDate>
                        <endDate>2017-01-31</endDate>
                        <filingFrequency>RWTMO</filingFrequency>
                        <tax>0.00</tax>
                        <penalty>0.00</penalty>
                        <penaltyForecast>0.00</penaltyForecast>
                        <interest>0.00</interest>
                        <interestForecast>0.00</interestForecast>
                        <other>0.00</other>
                        <otherForecast>0.00</otherForecast>
                        <credit>0.00</credit>
                        <creditForecast>0.00</creditForecast>
                        <balance>0.00</balance>
                        <activity>9999-12-31T00:00:00Z</activity>
                     </period>
                     <period>
                        <beginDate>2017-02-01</beginDate>
                        <endDate>2017-02-28</endDate>
                        <filingFrequency>RWTMO</filingFrequency>
                        <tax>0.00</tax>
                        <penalty>0.00</penalty>
                        <penaltyForecast>0.00</penaltyForecast>
                        <interest>0.00</interest>
                        <interestForecast>0.00</interestForecast>
                        <other>0.00</other>
                        <otherForecast>0.00</otherForecast>
                        <credit>0.00</credit>
                        <creditForecast>0.00</creditForecast>
                        <balance>0.00</balance>
                        <activity>9999-12-31T00:00:00Z</activity>
                     </period>
                     <period>
                        <beginDate>2017-03-01</beginDate>
                        <endDate>2017-03-31</endDate>
                        <filingFrequency>RWTMO</filingFrequency>
                        <tax>0.00</tax>
                        <penalty>0.00</penalty>
                        <penaltyForecast>0.00</penaltyForecast>
                        <interest>0.00</interest>
                        <interestForecast>0.00</interestForecast>
                        <other>0.00</other>
                        <otherForecast>0.00</otherForecast>
                        <credit>0.00</credit>
                        <creditForecast>0.00</creditForecast>
                        <balance>0.00</balance>
                        <activity>9999-12-31T00:00:00Z</activity>
                     </period>
                     <period>
                        <beginDate>2017-04-01</beginDate>
                        <endDate>2017-04-30</endDate>
                        <filingFrequency>RWTMO</filingFrequency>
                        <tax>0.00</tax>
                        <penalty>0.00</penalty>
                        <penaltyForecast>0.00</penaltyForecast>
                        <interest>0.00</interest>
                        <interestForecast>0.00</interestForecast>
                        <other>0.00</other>
                        <otherForecast>0.00</otherForecast>
                        <credit>0.00</credit>
                        <creditForecast>0.00</creditForecast>
                        <balance>0.00</balance>
                        <activity>9999-12-31T00:00:00Z</activity>
                     </period>
                     <period>
                        <beginDate>2017-05-01</beginDate>
                        <endDate>2017-05-31</endDate>
                        <filingFrequency>RWTMO</filingFrequency>
                        <tax>0.00</tax>
                        <penalty>0.00</penalty>
                        <penaltyForecast>0.00</penaltyForecast>
                        <interest>0.00</interest>
                        <interestForecast>0.00</interestForecast>
                        <other>0.00</other>
                        <otherForecast>0.00</otherForecast>
                        <credit>0.00</credit>
                        <creditForecast>0.00</creditForecast>
                        <balance>0.00</balance>
                        <activity>9999-12-31T00:00:00Z</activity>
                     </period>
                     <period>
                        <beginDate>2017-06-01</beginDate>
                        <endDate>2017-06-30</endDate>
                        <filingFrequency>RWTMO</filingFrequency>
                        <tax>0.00</tax>
                        <penalty>0.00</penalty>
                        <penaltyForecast>0.00</penaltyForecast>
                        <interest>0.00</interest>
                        <interestForecast>0.00</interestForecast>
                        <other>0.00</other>
                        <otherForecast>0.00</otherForecast>
                        <credit>0.00</credit>
                        <creditForecast>0.00</creditForecast>
                        <balance>0.00</balance>
                        <activity>9999-12-31T00:00:00Z</activity>
                     </period>
                     <period>
                        <beginDate>2017-07-01</beginDate>
                        <endDate>2017-07-31</endDate>
                        <filingFrequency>RWTMO</filingFrequency>
                        <tax>0.00</tax>
                        <penalty>0.00</penalty>
                        <penaltyForecast>0.00</penaltyForecast>
                        <interest>0.00</interest>
                        <interestForecast>0.00</interestForecast>
                        <other>0.00</other>
                        <otherForecast>0.00</otherForecast>
                        <credit>0.00</credit>
                        <creditForecast>0.00</creditForecast>
                        <balance>0.00</balance>
                        <activity>9999-12-31T00:00:00Z</activity>
                     </period>
                     <period>
                        <beginDate>2017-08-01</beginDate>
                        <endDate>2017-08-31</endDate>
                        <filingFrequency>RWTMO</filingFrequency>
                        <tax>0.00</tax>
                        <penalty>0.00</penalty>
                        <penaltyForecast>0.00</penaltyForecast>
                        <interest>0.00</interest>
                        <interestForecast>0.00</interestForecast>
                        <other>0.00</other>
                        <otherForecast>0.00</otherForecast>
                        <credit>0.00</credit>
                        <creditForecast>0.00</creditForecast>
                        <balance>0.00</balance>
                        <activity>9999-12-31T00:00:00Z</activity>
                     </period>
                  </responseBody>
               </retrievePeriodSummariesResponse>
            </b:RetrievePeriodSummariesResponseWrapper>
         </RetrievePeriodSummariesResult>
      </RetrievePeriodSummariesResponse>
   </s:Body>
</s:Envelope>