<s:Envelope xmlns:s="http://www.w3.org/2003/05/soap-envelope" xmlns:a="http://www.w3.org/2005/08/addressing">
   <s:Header>
      <a:Action s:mustUnderstand="1">https://services.ird.govt.nz/GWS/Transactions/Transactions/RetrieveListResponse</a:Action>
   </s:Header>
   <s:Body>
      <RetrieveListResponse xmlns="https://services.ird.govt.nz/GWS/Transactions/">
         <RetrieveListResult xmlns:b="https://services.ird.govt.nz/GWS/Transactions/:types/RetrieveListResponse" xmlns:i="http://www.w3.org/2001/XMLSchema-instance">
            <b:RetrieveListResponseWrapper>
               <retrieveListResponse xmlns="urn:www.ird.govt.nz/GWS:types/Transactions">
                  <statusMessage xmlns="urn:www.ird.govt.nz/GWS:types/Common.v1">
                     <statusCode>0</statusCode>
                     <errorMessage/>
                  </statusMessage>
                  <responseBody>
                     <list>
                        <pendingPayments>
                           <payment>
                              <paymentID>1414376704</paymentID>
                              <amount>194384.25</amount>
                              <pendingDate>2017-04-13</pendingDate>
                           </payment>
                        </pendingPayments>
                        <bankAccounts>
                           <bankAccount>
                              <transactionID>185100320</transactionID>
                              <nzBankStandard>
                                 <bank>02</bank>
                                 <branch>0568</branch>
                                 <account>00195445</account>
                                 <suffix>0000</suffix>
                              </nzBankStandard>
                           </bankAccount>
                           <bankAccount>
                              <transactionID>1258842144</transactionID>
                              <nzBankStandard>
                                 <bank>02</bank>
                                 <branch>0568</branch>
                                 <account>00195445</account>
                                 <suffix>0000</suffix>
                              </nzBankStandard>
                           </bankAccount>
                           <bankAccount>
                              <transactionID>2064148512</transactionID>
                              <nzBankStandard>
                                 <bank>02</bank>
                                 <branch>0568</branch>
                                 <account>00195445</account>
                                 <suffix>0000</suffix>
                              </nzBankStandard>
                           </bankAccount>
                           <bankAccount>
                              <transactionID>990406688</transactionID>
                              <nzBankStandard>
                                 <bank>02</bank>
                                 <branch>0568</branch>
                                 <account>00195445</account>
                                 <suffix>0000</suffix>
                              </nzBankStandard>
                           </bankAccount>
                           <bankAccount>
                              <transactionID>1929930784</transactionID>
                              <nzBankStandard>
                                 <bank>02</bank>
                                 <branch>0568</branch>
                                 <account>00195445</account>
                                 <suffix>0000</suffix>
                              </nzBankStandard>
                           </bankAccount>
                           <bankAccount>
                              <transactionID>831736832</transactionID>
                              <otherBankStandard>
                                 <branch>021000021</branch>
                                 <account>0175380001</account>
                              </otherBankStandard>
                           </bankAccount>
                           <bankAccount>
                              <transactionID>1905478656</transactionID>
                              <ibanBankStandard>
                                 <twoCharCountryCode>AT</twoCharCountryCode>
                                 <checkDigit>61</checkDigit>
                                 <basicBankAccountNumber>1904300234573201</basicBankAccountNumber>
                              </ibanBankStandard>
                           </bankAccount>
                           <bankAccount>
                              <transactionID>160648192</transactionID>
                              <ausBankStandard>
                                 <BSB>032062</BSB>
                                 <account>00413090</account>
                              </ausBankStandard>
                           </bankAccount>
                           <bankAccount>
                              <transactionID>1234390016</transactionID>
                              <nzBankCreditUnion>
                                 <bank>02</bank>
                                 <branch>3044</branch>
                                 <account>04005813</account>
                                 <suffix>0000</suffix>
                                 <referenceNumber>345435345</referenceNumber>
                              </nzBankCreditUnion>
                           </bankAccount>
                           <bankAccount>
                              <transactionID>697519104</transactionID>
                              <otherBankStandard>
                                 <branch>021000021</branch>
                                 <account>0175380001</account>
                              </otherBankStandard>
                           </bankAccount>
                           <bankAccount>
                              <transactionID>429083648</transactionID>
                              <usCanBankBankStandard>
                                 <routingNumber>021000021</routingNumber>
                                 <accountNumber>9101209543</accountNumber>
                              </usCanBankBankStandard>
                           </bankAccount>
                           <bankAccount>
                              <transactionID>1898745344</transactionID>
                              <swiftBankStandard>
                                 <swiftBICcode>04456456</swiftBICcode>
                                 <basicBankAccountNumber>456456456</basicBankAccountNumber>
                              </swiftBankStandard>
                           </bankAccount>
                        </bankAccounts>
                        <transfers>
                           <transfer>
                              <transactionID>449269792</transactionID>
                              <otherAccountID>011264190</otherAccountID>
                              <otherAccountType>GST</otherAccountType>
                              <otherPeriod>2017-01-31</otherPeriod>
                           </transfer>
                           <transfer>
                              <transactionID>717705248</transactionID>
                              <otherAccountID>011264190</otherAccountID>
                              <otherAccountType>GST</otherAccountType>
                              <otherPeriod>2017-01-31</otherPeriod>
                           </transfer>
                           <transfer>
                              <transactionID>986140704</transactionID>
                              <otherAccountID>011264190</otherAccountID>
                              <otherAccountType>GST</otherAccountType>
                              <otherPeriod>2017-01-31</otherPeriod>
                           </transfer>
                           <transfer>
                              <transactionID>1989364736</transactionID>
                              <otherAccountID>011264190</otherAccountID>
                              <otherAccountType>GST</otherAccountType>
                              <otherPeriod>2017-07-31</otherPeriod>
                           </transfer>
                           <transfer>
                              <transactionID>1452493824</transactionID>
                              <otherAccountID>011264190</otherAccountID>
                              <otherAccountType>GST</otherAccountType>
                              <otherPeriod>2017-07-31</otherPeriod>
                           </transfer>
                           <transfer>
                              <transactionID>856188960</transactionID>
                              <otherAccountID>011264190</otherAccountID>
                              <otherAccountType/>
                           </transfer>
                           <transfer>
                              <transactionID>1814421312</transactionID>
                              <otherAccountID>011264190</otherAccountID>
                              <otherAccountType>GST</otherAccountType>
                              <otherPeriod>2016-11-30</otherPeriod>
                           </transfer>
                           <transfer>
                              <transactionID>1948639040</transactionID>
                              <otherAccountID>011264190</otherAccountID>
                              <otherAccountType>GST</otherAccountType>
                              <otherPeriod>2016-11-30</otherPeriod>
                           </transfer>
                           <transfer>
                              <transactionID>981059904</transactionID>
                              <otherAccountID>011264190</otherAccountID>
                              <otherAccountType>GST</otherAccountType>
                              <otherPeriod>2016-11-30</otherPeriod>
                           </transfer>
                           <transfer>
                              <transactionID>69590848</transactionID>
                              <otherAccountID>011264190</otherAccountID>
                              <otherAccountType>GST</otherAccountType>
                              <otherPeriod>2016-11-30</otherPeriod>
                           </transfer>
                           <transfer>
                              <transactionID>655576064</transactionID>
                              <otherAccountID>011264190</otherAccountID>
                              <otherAccountType>GST</otherAccountType>
                              <otherPeriod>2017-04-30</otherPeriod>
                           </transfer>
                           <transfer>
                              <transactionID>789793792</transactionID>
                              <otherAccountID>011264190</otherAccountID>
                              <otherAccountType>GST</otherAccountType>
                              <otherPeriod>2017-04-30</otherPeriod>
                           </transfer>
                           <transfer>
                              <transactionID>924011520</transactionID>
                              <otherAccountID>011264190</otherAccountID>
                              <otherAccountType>GST</otherAccountType>
                              <otherPeriod>2017-04-30</otherPeriod>
                           </transfer>
                           <transfer>
                              <transactionID>991120384</transactionID>
                              <otherAccountID>011264190</otherAccountID>
                              <otherAccountType>GST</otherAccountType>
                              <otherPeriod>2017-04-30</otherPeriod>
                           </transfer>
                           <transfer>
                              <transactionID>1058229248</transactionID>
                              <otherAccountID>011264190</otherAccountID>
                              <otherAccountType>GST</otherAccountType>
                              <otherPeriod>2017-04-30</otherPeriod>
                           </transfer>
                           <transfer>
                              <transactionID>387140608</transactionID>
                              <otherAccountID>011264190</otherAccountID>
                              <otherAccountType>GST</otherAccountType>
                              <otherPeriod>2017-04-30</otherPeriod>
                           </transfer>
                           <transfer>
                              <transactionID>454249472</transactionID>
                              <otherAccountID>011264190</otherAccountID>
                              <otherAccountType>GST</otherAccountType>
                              <otherPeriod>2017-04-30</otherPeriod>
                           </transfer>
                           <transfer>
                              <transactionID>521358336</transactionID>
                              <otherAccountID>011264190</otherAccountID>
                              <otherAccountType>GST</otherAccountType>
                              <otherPeriod>2017-04-30</otherPeriod>
                           </transfer>
                           <transfer>
                              <transactionID>252922880</transactionID>
                              <otherAccountID>011264190</otherAccountID>
                              <otherAccountType>GST</otherAccountType>
                              <otherPeriod>2017-04-30</otherPeriod>
                           </transfer>
                           <transfer>
                              <transactionID>118705152</transactionID>
                              <otherAccountID>011264190</otherAccountID>
                              <otherAccountType>GST</otherAccountType>
                              <otherPeriod>2017-04-30</otherPeriod>
                           </transfer>
                           <transfer>
                              <transactionID>9653248</transactionID>
                              <otherAccountID>011264190</otherAccountID>
                              <otherAccountType>GST</otherAccountType>
                              <otherPeriod>2017-04-30</otherPeriod>
                           </transfer>
                        </transfers>
                        <bills>
                           <bill>
                              <billID>258672768</billID>
                              <billDisplay>1</billDisplay>
                              <dueDate>9999-12-31</dueDate>
                              <tax>0.00</tax>
                              <penalty>50.00</penalty>
                              <penaltyForecast>0.00</penaltyForecast>
                              <interest>0.00</interest>
                              <interestForecast>0.00</interestForecast>
                              <other>824449.94</other>
                              <otherForecast>0.00</otherForecast>
                              <credit>-824499.94</credit>
                              <creditForecast>0.00</creditForecast>
                              <balance>0.00</balance>
                              <transactions>
                                 <transaction>
                                    <amount>518708.30</amount>
                                    <transactionID>185100320</transactionID>
                                    <transactionType>DSBDIR</transactionType>
                                    <postedDate>2017-04-03</postedDate>
                                    <effectiveDate>2017-04-03</effectiveDate>
                                    <linkID>923426240</linkID>
                                 </transaction>
                                 <transaction>
                                    <amount>7791.43</amount>
                                    <transactionID>449269792</transactionID>
                                    <transactionType>FWDGST</transactionType>
                                    <postedDate>2017-03-31</postedDate>
                                    <effectiveDate>2017-02-28</effectiveDate>
                                    <linkID>1814421312</linkID>
                                 </transaction>
                                 <transaction>
                                    <amount>207623.52</amount>
                                    <transactionID>717705248</transactionID>
                                    <transactionType>FWDGST</transactionType>
                                    <postedDate>2017-03-31</postedDate>
                                    <effectiveDate>2017-02-28</effectiveDate>
                                    <linkID>69590848</linkID>
                                 </transaction>
                                 <transaction>
                                    <amount>44585.05</amount>
                                    <transactionID>986140704</transactionID>
                                    <transactionType>FWDGST</transactionType>
                                    <postedDate>2017-03-31</postedDate>
                                    <effectiveDate>2017-02-28</effectiveDate>
                                    <linkID>1948639040</linkID>
                                 </transaction>
                                 <transaction>
                                    <amount>700.50</amount>
                                    <transactionID>990406688</transactionID>
                                    <transactionType>DSBDIR</transactionType>
                                    <postedDate>2017-04-03</postedDate>
                                    <effectiveDate>2017-04-03</effectiveDate>
                                    <linkID>1795713056</linkID>
                                 </transaction>
                                 <transaction>
                                    <amount>50.00</amount>
                                    <transactionID>1083395072</transactionID>
                                    <transactionType>PNLLTF</transactionType>
                                    <postedDate>2017-11-30</postedDate>
                                    <effectiveDate>2017-01-31</effectiveDate>
                                    <linkID>0</linkID>
                                 </transaction>
                                 <transaction>
                                    <amount>50.00</amount>
                                    <transactionID>1258842144</transactionID>
                                    <transactionType>DSBDIR</transactionType>
                                    <postedDate>2017-04-03</postedDate>
                                    <effectiveDate>2017-04-03</effectiveDate>
                                    <linkID>981059904</linkID>
                                 </transaction>
                                 <transaction>
                                    <amount>0.00</amount>
                                    <transactionID>1341813024</transactionID>
                                    <transactionType>RTNORI</transactionType>
                                    <postedDate>2017-05-03</postedDate>
                                    <effectiveDate>2017-01-01</effectiveDate>
                                    <linkID>0</linkID>
                                 </transaction>
                                 <transaction>
                                    <amount>0.00</amount>
                                    <transactionID>1488092608</transactionID>
                                    <transactionType>PNLLFE</transactionType>
                                    <postedDate>2017-03-17</postedDate>
                                    <effectiveDate>2017-01-28</effectiveDate>
                                    <linkID>0</linkID>
                                 </transaction>
                                 <transaction>
                                    <amount>44916.08</amount>
                                    <transactionID>1929930784</transactionID>
                                    <transactionType>DSBDIR</transactionType>
                                    <postedDate>2017-04-03</postedDate>
                                    <effectiveDate>2017-04-03</effectiveDate>
                                    <linkID>1948639040</linkID>
                                 </transaction>
                                 <transaction>
                                    <amount>75.06</amount>
                                    <transactionID>2064148512</transactionID>
                                    <transactionType>DSBDIR</transactionType>
                                    <postedDate>2017-04-03</postedDate>
                                    <effectiveDate>2017-04-03</effectiveDate>
                                    <linkID>1527277600</linkID>
                                 </transaction>
                              </transactions>
                           </bill>
                           <bill>
                              <billID>1653458944</billID>
                              <billDisplay>2</billDisplay>
                              <dueDate>2018-01-03</dueDate>
                              <tax>0.00</tax>
                              <penalty>0.00</penalty>
                              <penaltyForecast>0.00</penaltyForecast>
                              <interest>0.00</interest>
                              <interestForecast>0.00</interestForecast>
                              <other>1253.75</other>
                              <otherForecast>0.00</otherForecast>
                              <credit>-1253.75</credit>
                              <creditForecast>0.00</creditForecast>
                              <balance>0.00</balance>
                              <transactions>
                                 <transaction>
                                    <amount>76.26</amount>
                                    <transactionID>160648192</transactionID>
                                    <transactionType>DSBIAC</transactionType>
                                    <postedDate>2017-11-30</postedDate>
                                    <effectiveDate>2017-11-30</effectiveDate>
                                    <linkID>781405184</linkID>
                                 </transaction>
                                 <transaction>
                                    <amount>184.60</amount>
                                    <transactionID>429083648</transactionID>
                                    <transactionType>DSBIAC</transactionType>
                                    <postedDate>2017-12-01</postedDate>
                                    <effectiveDate>2017-12-01</effectiveDate>
                                    <linkID>1058229248</linkID>
                                 </transaction>
                                 <transaction>
                                    <amount>50.00</amount>
                                    <transactionID>697519104</transactionID>
                                    <transactionType>DSBIAC</transactionType>
                                    <postedDate>2017-11-30</postedDate>
                                    <effectiveDate>2017-11-30</effectiveDate>
                                    <linkID>924011520</linkID>
                                 </transaction>
                                 <transaction>
                                    <amount>758.37</amount>
                                    <transactionID>831736832</transactionID>
                                    <transactionType>DSBIAC</transactionType>
                                    <postedDate>2017-11-30</postedDate>
                                    <effectiveDate>2017-11-30</effectiveDate>
                                    <linkID>655576064</linkID>
                                 </transaction>
                                 <transaction>
                                    <amount>126.91</amount>
                                    <transactionID>1234390016</transactionID>
                                    <transactionType>DSBDIR</transactionType>
                                    <postedDate>2017-11-30</postedDate>
                                    <effectiveDate>2017-11-30</effectiveDate>
                                    <linkID>991120384</linkID>
                                 </transaction>
                                 <transaction>
                                    <amount>7.61</amount>
                                    <transactionID>1898745344</transactionID>
                                    <transactionType>DSBTTR</transactionType>
                                    <postedDate>2018-01-11</postedDate>
                                    <effectiveDate>2018-01-11</effectiveDate>
                                    <linkID>1771260928</linkID>
                                 </transaction>
                                 <transaction>
                                    <amount>50.00</amount>
                                    <transactionID>1905478656</transactionID>
                                    <transactionType>DSBSEP</transactionType>
                                    <postedDate>2017-11-30</postedDate>
                                    <effectiveDate>2017-11-30</effectiveDate>
                                    <linkID>118705152</linkID>
                                 </transaction>
                              </transactions>
                           </bill>
                        </bills>
                        <transaction>
                           <amount>-13189.27</amount>
                           <transactionID>9653248</transactionID>
                           <transactionType>RECGST</transactionType>
                           <postedDate>2017-11-30</postedDate>
                           <effectiveDate>2017-11-20</effectiveDate>
                           <linkID>0</linkID>
                        </transaction>
                        <transaction>
                           <amount>-207623.52</amount>
                           <transactionID>69590848</transactionID>
                           <transactionType>RECGST</transactionType>
                           <postedDate>2017-02-28</postedDate>
                           <effectiveDate>2016-11-28</effectiveDate>
                           <linkID>0</linkID>
                        </transaction>
                        <transaction>
                           <amount>-50.00</amount>
                           <transactionID>118705152</transactionID>
                           <transactionType>RECGST</transactionType>
                           <postedDate>2017-11-30</postedDate>
                           <effectiveDate>2017-11-20</effectiveDate>
                           <linkID>0</linkID>
                        </transaction>
                        <transaction>
                           <amount>-134542.49</amount>
                           <transactionID>252922880</transactionID>
                           <transactionType>RECGST</transactionType>
                           <postedDate>2017-11-30</postedDate>
                           <effectiveDate>2017-11-20</effectiveDate>
                           <linkID>0</linkID>
                        </transaction>
                        <transaction>
                           <amount>-7379.92</amount>
                           <transactionID>387140608</transactionID>
                           <transactionType>RECGST</transactionType>
                           <postedDate>2017-11-30</postedDate>
                           <effectiveDate>2017-11-20</effectiveDate>
                           <linkID>0</linkID>
                        </transaction>
                        <transaction>
                           <amount>-55701.63</amount>
                           <transactionID>454249472</transactionID>
                           <transactionType>RECGST</transactionType>
                           <postedDate>2017-11-30</postedDate>
                           <effectiveDate>2017-11-20</effectiveDate>
                           <linkID>0</linkID>
                        </transaction>
                        <transaction>
                           <amount>-311.28</amount>
                           <transactionID>1630309888</transactionID>
                           <transactionType>INTCRD</transactionType>
                           <postedDate>2018-01-11</postedDate>
                           <effectiveDate>2018-01-11</effectiveDate>
                           <linkID>0</linkID>
                        </transaction>
                        <transaction>
                           <amount>-7.61</amount>
                           <transactionID>1771260928</transactionID>
                           <transactionType>INTCRD</transactionType>
                           <postedDate>2017-12-01</postedDate>
                           <effectiveDate>2017-12-01</effectiveDate>
                           <linkID>0</linkID>
                        </transaction>
                        <transaction>
                           <amount>-7791.43</amount>
                           <transactionID>1814421312</transactionID>
                           <transactionType>RECGST</transactionType>
                           <postedDate>2017-02-28</postedDate>
                           <effectiveDate>2017-02-28</effectiveDate>
                           <linkID>0</linkID>
                        </transaction>
                        <transaction>
                           <amount>-91861.22</amount>
                           <transactionID>1948639040</transactionID>
                           <transactionType>RECGST</transactionType>
                           <postedDate>2017-02-28</postedDate>
                           <effectiveDate>2016-08-28</effectiveDate>
                           <linkID>0</linkID>
                        </transaction>
                        <transaction>
                           <amount>36068.59</amount>
                           <transactionID>1989364736</transactionID>
                           <transactionType>XFROUT</transactionType>
                           <postedDate>2017-11-30</postedDate>
                           <effectiveDate>2017-11-20</effectiveDate>
                           <linkID>521358336</linkID>
                        </transaction>
                        <transaction>
                           <amount>-518708.30</amount>
                           <transactionID>2012901664</transactionID>
                           <transactionType>RTNCRD</transactionType>
                           <postedDate>2017-05-03</postedDate>
                           <effectiveDate>2017-01-01</effectiveDate>
                           <linkID>0</linkID>
                        </transaction>
                        <transaction>
                           <amount>-50.00</amount>
                           <transactionID>924011520</transactionID>
                           <transactionType>RECGST</transactionType>
                           <postedDate>2017-11-30</postedDate>
                           <effectiveDate>2017-11-20</effectiveDate>
                           <linkID>0</linkID>
                        </transaction>
                        <transaction>
                           <amount>-50.00</amount>
                           <transactionID>981059904</transactionID>
                           <transactionType>XFRIN</transactionType>
                           <postedDate>2017-02-07</postedDate>
                           <effectiveDate>2017-01-28</effectiveDate>
                           <linkID>0</linkID>
                        </transaction>
                        <transaction>
                           <amount>-126.91</amount>
                           <transactionID>991120384</transactionID>
                           <transactionType>RECGST</transactionType>
                           <postedDate>2017-11-30</postedDate>
                           <effectiveDate>2017-11-20</effectiveDate>
                           <linkID>0</linkID>
                        </transaction>
                        <transaction>
                           <amount>-184.60</amount>
                           <transactionID>1058229248</transactionID>
                           <transactionType>RECGST</transactionType>
                           <postedDate>2017-11-30</postedDate>
                           <effectiveDate>2017-11-20</effectiveDate>
                           <linkID>0</linkID>
                        </transaction>
                        <transaction>
                           <amount>7379.92</amount>
                           <transactionID>1452493824</transactionID>
                           <transactionType>XFROUT</transactionType>
                           <postedDate>2017-11-30</postedDate>
                           <effectiveDate>2017-11-20</effectiveDate>
                           <linkID>387140608</linkID>
                        </transaction>
                        <transaction>
                           <amount>-700.50</amount>
                           <transactionID>1610248480</transactionID>
                           <transactionType>INTCRD</transactionType>
                           <postedDate>2017-05-03</postedDate>
                           <effectiveDate>2017-03-31</effectiveDate>
                           <linkID>0</linkID>
                        </transaction>
                        <transaction>
                           <amount>-59741.76</amount>
                           <transactionID>521358336</transactionID>
                           <transactionType>RECGST</transactionType>
                           <postedDate>2017-11-30</postedDate>
                           <effectiveDate>2017-11-20</effectiveDate>
                           <linkID>0</linkID>
                        </transaction>
                        <transaction>
                           <amount>-75.06</amount>
                           <transactionID>546524160</transactionID>
                           <transactionType>INTCRD</transactionType>
                           <postedDate>2017-11-30</postedDate>
                           <effectiveDate>2017-04-04</effectiveDate>
                           <linkID>0</linkID>
                        </transaction>
                        <transaction>
                           <amount>-758.37</amount>
                           <transactionID>655576064</transactionID>
                           <transactionType>RECGST</transactionType>
                           <postedDate>2017-11-30</postedDate>
                           <effectiveDate>2017-11-20</effectiveDate>
                           <linkID>0</linkID>
                        </transaction>
                        <transaction>
                           <amount>-76.26</amount>
                           <transactionID>781405184</transactionID>
                           <transactionType>INTCRD</transactionType>
                           <postedDate>2017-11-30</postedDate>
                           <effectiveDate>2017-11-30</effectiveDate>
                           <linkID>0</linkID>
                        </transaction>
                        <transaction>
                           <amount>-44585.05</amount>
                           <transactionID>789793792</transactionID>
                           <transactionType>RECGST</transactionType>
                           <postedDate>2017-11-30</postedDate>
                           <effectiveDate>2017-11-20</effectiveDate>
                           <linkID>0</linkID>
                        </transaction>
                        <transaction>
                           <amount>2310.09</amount>
                           <transactionID>856188960</transactionID>
                           <transactionType>DSXFIR</transactionType>
                           <postedDate>2017-04-03</postedDate>
                           <effectiveDate>2016-08-28</effectiveDate>
                           <linkID>1948639040</linkID>
                        </transaction>
                     </list>
                  </responseBody>
               </retrieveListResponse>
            </b:RetrieveListResponseWrapper>
         </RetrieveListResult>
      </RetrieveListResponse>
   </s:Body>
</s:Envelope>
