<?xml version="1.0"?>
<Customers xmlns:xsd="http://www.w3.org/2001/XMLSchema" xmlns:xsi="http://www.w3.org/2001/XMLSchema-instance" RetrievedDate="2019-03-01T12:38:33.293">
  <Customer ID="123132939" IDType="IRD">
    <ClientList ListID="" ListIDType="">
      <Account Type="FBT" FilingFrequency="FBT3M" ID="123-132-939-FBT003" Commence="2018-03-01" Cease="9999-12-31" Balance="10.00" BalanceTotalForecasted="10.00" MaxActivity="2019-03-01T12:25:49.397">
        <Period Balance="10.00" BalanceTotalForecasted="10.00" FilingPeriod="2019-03-31" Activity="2019-03-01T12:25:49.397">
          <Bill BillID="634155520" BillIDForDisplay="1" Due="2019-03-01" Tax="0.00" Penalty="10.00" PenaltyForecasted="0.00" Interest="0.00" InterestForecasted="0.00" Other="0.00" OtherForecasted="0.00" Credit="0.00" CreditForecasted="0.00" Balance="10.00" BalanceTotalForecasted="10.00">
            <Tx Amt="10.00" TransID="328306432" Type="PNLWSD" Post="2019-03-01T12:25:49.397" Effect="2019-03-01" LinkID="0" />
          </Bill>
        </Period>
        <Period Balance="0.00" BalanceTotalForecasted="0.00" FilingPeriod="2019-06-30" Activity="9999-12-31T00:00:00" />
      </Account>
      <Account Type="GST" FilingFrequency="GST2M1" ID="123-132-939-GST002" Commence="2017-12-08" Cease="9999-12-31" Balance="15.00" BalanceTotalForecasted="15.00" MaxActivity="2019-03-01T12:26:11.493">
        <Period Balance="0.00" BalanceTotalForecasted="0.00" FilingPeriod="2019-01-31" Activity="9999-12-31T00:00:00" />
        <Period Balance="15.00" BalanceTotalForecasted="15.00" FilingPeriod="2019-03-31" Activity="2019-03-01T12:26:11.493">
          <Bill BillID="635859456" BillIDForDisplay="1" Due="2019-03-01" Tax="0.00" Penalty="15.00" PenaltyForecasted="0.00" Interest="0.00" InterestForecasted="0.00" Other="0.00" OtherForecasted="0.00" Credit="0.00" CreditForecasted="0.00" Balance="15.00" BalanceTotalForecasted="15.00">
            <Tx Amt="15.00" TransID="1402048256" Type="PNLWSD" Post="2019-03-01T12:26:11.493" Effect="2019-03-01" LinkID="0" />
          </Bill>
        </Period>
        <Period Balance="0.00" BalanceTotalForecasted="0.00" FilingPeriod="2019-05-31" Activity="9999-12-31T00:00:00" />
      </Account>
      <Account Type="RLT" FilingFrequency="RLTMO" ID="123-132-939-RLT005" Commence="2018-03-01" Cease="9999-12-31" Balance="10.00" BalanceTotalForecasted="10.00" MaxActivity="2019-03-01T12:26:25.26">
        <Period Balance="0.00" BalanceTotalForecasted="0.00" FilingPeriod="2019-01-31" Activity="9999-12-31T00:00:00" />
        <Period Balance="0.00" BalanceTotalForecasted="0.00" FilingPeriod="2019-02-28" Activity="9999-12-31T00:00:00" />
        <Period Balance="10.00" BalanceTotalForecasted="10.00" FilingPeriod="2019-03-31" Activity="2019-03-01T12:26:25.26">
          <Bill BillID="2145415680" BillIDForDisplay="1" Due="2019-03-01" Tax="0.00" Penalty="10.00" PenaltyForecasted="0.00" Interest="0.00" InterestForecasted="0.00" Other="0.00" OtherForecasted="0.00" Credit="0.00" CreditForecasted="0.00" Balance="10.00" BalanceTotalForecasted="10.00">
            <Tx Amt="10.00" TransID="824860416" Type="PNLWSD" Post="2019-03-01T12:26:25.243" Effect="2019-03-01" LinkID="0" />
          </Bill>
        </Period>
      </Account>
    </ClientList>
  </Customer>
</Customers>