<?xml version="1.0"?>
<Customers xmlns:xsd="http://www.w3.org/2001/XMLSchema" xmlns:xsi="http://www.w3.org/2001/XMLSchema-instance" RetrievedDate="2019-08-22T09:17:20.39">
  <Customer ID="132217378" IDType="IRD">
    <ClientList ListID="" ListIDType="">
      <Account Type="INC" FilingFrequency="ITN03C" ID="132-217-378-INC005" Commence="2007-11-07" Cease="9999-12-31" Balance="-4100.00" BalanceTotalForecasted="-4100.00" MaxActivity="2019-06-17T11:29:58.54">
        <Period Balance="0.00" BalanceTotalForecasted="0.00" FilingPeriod="2015-03-31" Activity="2019-03-07T01:48:35.807">
          <Bill BillID="107558160" BillIDForDisplay="1" Due="2016-04-07" Tax="14790.16" Penalty="0.00" PenaltyForecasted="0.00" Interest="-20.11" InterestForecasted="0.00" Other="0.00" OtherForecasted="0.00" Credit="-14770.05" CreditForecasted="0.00" Balance="0.00" BalanceTotalForecasted="0.00">
            <Tx Amt="14790.16" TransID="772584312" Type="CNVTXD" Post="2019-03-07T01:48:32.977" Effect="2015-04-01" LinkID="0" />
            <Tx Amt="-20.11" TransID="1846326136" Type="CNVINC" Post="2019-03-07T01:48:33.01" Effect="2015-10-06" LinkID="0" />
          </Bill>
          <Bill BillID="2120824080" BillIDForDisplay="2" Due="2015-10-06" Tax="0.00" Penalty="0.00" PenaltyForecasted="0.00" Interest="0.00" InterestForecasted="0.00" Other="383.95" OtherForecasted="0.00" Credit="-383.95" CreditForecasted="0.00" Balance="0.00" BalanceTotalForecasted="0.00">
            <Tx Amt="383.95" TransID="218936184" Type="CNVDSB" Post="2019-03-07T01:48:35.773" Effect="2015-10-06" LinkID="0" />
          </Bill>
          <Tx Amt="-5154.00" TransID="420262776" Type="PYMRTN" Post="2019-03-07T01:48:34.65" Effect="2015-01-15" LinkID="0" />
          <Tx Amt="-2500.00" TransID="1494004600" Type="PYMRTN" Post="2019-03-07T01:48:34.727" Effect="2015-05-05" LinkID="0" />
          <Tx Amt="-7500.00" TransID="2030875512" Type="PYMRTN" Post="2019-03-07T01:48:34.917" Effect="2014-09-10" LinkID="0" />
        </Period>
        <Period Balance="-100.00" BalanceTotalForecasted="-100.00" FilingPeriod="2016-03-31" Activity="2019-06-17T11:21:14.91">
          <Transfers>
            <Transfer TransID="51164024" OtherAccountID="132217378" OtherAccountType="INC" OtherPeriod="2017-03-31" />
            <Transfer TransID="588034936" OtherAccountID="132217378" OtherAccountType="INC" OtherPeriod="2018-03-31" />
            <Transfer TransID="864681728" OtherAccountID="132217378" OtherAccountType="INC" OtherPeriod="2019-03-31" />
            <Transfer TransID="1561113464" OtherAccountID="132217378" OtherAccountType="INC" OtherPeriod="2017-03-31" />
          </Transfers>
          <Bill BillID="23672080" BillIDForDisplay="6" Due="2016-12-07" Tax="0.00" Penalty="0.00" PenaltyForecasted="0.00" Interest="0.00" InterestForecasted="0.00" Other="107.47" OtherForecasted="0.00" Credit="-107.47" CreditForecasted="0.00" Balance="0.00" BalanceTotalForecasted="0.00">
            <Tx Amt="107.47" TransID="1292678008" Type="CNVDSB" Post="2019-03-07T01:48:35.9" Effect="2016-12-07" LinkID="0" />
          </Bill>
          <Bill BillID="375993616" BillIDForDisplay="4" Due="2016-01-15" Tax="4350.00" Penalty="0.00" PenaltyForecasted="0.00" Interest="0.00" InterestForecasted="0.00" Other="0.00" OtherForecasted="0.00" Credit="-4350.00" CreditForecasted="0.00" Balance="0.00" BalanceTotalForecasted="0.00">
            <Tx Amt="4350.00" TransID="2114761592" Type="CNVPRV" Post="2019-03-07T01:48:33.4" Effect="2016-01-15" LinkID="0" />
          </Bill>
          <Bill BillID="644429072" BillIDForDisplay="2" Due="2015-08-28" Tax="0.00" Penalty="0.00" PenaltyForecasted="0.00" Interest="-109.11" InterestForecasted="0.00" Other="0.00" OtherForecasted="0.00" Credit="109.11" CreditForecasted="0.00" Balance="0.00" BalanceTotalForecasted="0.00">
            <Tx Amt="-109.11" TransID="1577890680" Type="CNVINC" Post="2019-03-07T01:48:33.353" Effect="2016-12-18" LinkID="0" />
          </Bill>
          <Bill BillID="828978448" BillIDForDisplay="9" Due="2017-09-29" Tax="0.00" Penalty="0.00" PenaltyForecasted="0.00" Interest="0.00" InterestForecasted="0.00" Other="0.15" OtherForecasted="0.00" Credit="-0.15" CreditForecasted="0.00" Balance="0.00" BalanceTotalForecasted="0.00">
            <Tx Amt="0.15" TransID="588034936" Type="CNVXFO" Post="2019-03-07T01:48:36.68" Effect="2017-09-29" LinkID="0" />
          </Bill>
          <Bill BillID="1097413904" BillIDForDisplay="7" Due="2016-12-18" Tax="0.00" Penalty="0.00" PenaltyForecasted="0.00" Interest="0.00" InterestForecasted="0.00" Other="3475.25" OtherForecasted="0.00" Credit="-3475.25" CreditForecasted="0.00" Balance="0.00" BalanceTotalForecasted="0.00">
            <Tx Amt="3475.25" TransID="755807096" Type="CNVDSB" Post="2019-03-07T01:48:35.993" Effect="2016-12-18" LinkID="0" />
          </Bill>
          <Bill BillID="1181299984" BillIDForDisplay="1" Due="2017-04-07" Tax="0.00" Penalty="0.00" PenaltyForecasted="0.00" Interest="0.00" InterestForecasted="0.00" Other="0.00" OtherForecasted="0.00" Credit="0.00" CreditForecasted="0.00" Balance="0.00" BalanceTotalForecasted="0.00">
            <Tx Amt="0.00" TransID="504148856" Type="CNVTXD" Post="2019-03-07T01:48:33.32" Effect="2016-04-01" LinkID="0" />
          </Bill>
          <Bill BillID="1365849360" BillIDForDisplay="8" Due="2016-12-07" Tax="0.00" Penalty="0.00" PenaltyForecasted="0.00" Interest="0.00" InterestForecasted="0.00" Other="3473.76" OtherForecasted="0.00" Credit="-3473.76" CreditForecasted="0.00" Balance="0.00" BalanceTotalForecasted="0.00">
            <Tx Amt="3473.76" TransID="51164024" Type="CNVXFO" Post="2019-03-07T01:48:36.477" Effect="2016-12-07" LinkID="0" />
          </Bill>
          <Bill BillID="1449735440" BillIDForDisplay="5" Due="2016-05-07" Tax="2176.24" Penalty="0.00" PenaltyForecasted="0.00" Interest="0.00" InterestForecasted="0.00" Other="0.00" OtherForecasted="0.00" Credit="-2176.24" CreditForecasted="0.00" Balance="0.00" BalanceTotalForecasted="0.00">
            <Tx Amt="2176.24" TransID="17609592" Type="CNVPRV" Post="2019-03-07T01:48:33.43" Effect="2016-05-07" LinkID="0" />
          </Bill>
          <Bill BillID="1718170896" BillIDForDisplay="3" Due="2015-08-28" Tax="0.00" Penalty="0.00" PenaltyForecasted="0.00" Interest="0.00" InterestForecasted="0.00" Other="0.00" OtherForecasted="0.00" Credit="0.00" CreditForecasted="0.00" Balance="0.00" BalanceTotalForecasted="0.00">
            <Tx Amt="0.00" TransID="1041019768" Type="CNVPRV" Post="2019-03-07T01:48:33.367" Effect="2015-08-28" LinkID="0" />
          </Bill>
          <Tx Amt="-5000.00" TransID="1158460280" Type="PYMRTN" Post="2019-03-07T01:48:35.087" Effect="2015-08-28" LinkID="0" />
          <Tx Amt="-5000.00" TransID="1695331192" Type="PYMRTN" Post="2019-03-07T01:48:35.29" Effect="2016-01-15" LinkID="0" />
          <Tx Amt="-3473.76" TransID="1561113464" Type="CNVXFI" Post="2019-03-07T01:48:36.29" Effect="2016-12-07" LinkID="0" />
          <Tx Amt="-100.00" TransID="864681728" Type="RECITN" Post="2019-06-17T11:21:14.893" Effect="2019-06-17" LinkID="0" />
        </Period>
        <Period Balance="0.00" BalanceTotalForecasted="0.00" FilingPeriod="2017-03-31" Activity="2019-03-07T01:48:36.883">
          <Transfers>
            <Transfer TransID="319599480" OtherAccountID="132217378" OtherAccountType="INC" OtherPeriod="2018-03-31" />
            <Transfer TransID="1024242552" OtherAccountID="132217378" OtherAccountType="INC" OtherPeriod="2016-03-31" />
            <Transfer TransID="2097984376" OtherAccountID="132217378" OtherAccountType="INC" OtherPeriod="2016-03-31" />
          </Transfers>
          <Bill BillID="241775888" BillIDForDisplay="3" Due="2016-08-28" Tax="2284.00" Penalty="0.00" PenaltyForecasted="0.00" Interest="0.00" InterestForecasted="0.00" Other="0.00" OtherForecasted="0.00" Credit="-2284.00" CreditForecasted="0.00" Balance="0.00" BalanceTotalForecasted="0.00">
            <Tx Amt="2284.00" TransID="1628222328" Type="CNVPRV" Post="2019-03-07T01:48:33.963" Effect="2016-08-28" LinkID="0" />
          </Bill>
          <Bill BillID="292107536" BillIDForDisplay="7" Due="2016-12-07" Tax="0.00" Penalty="0.00" PenaltyForecasted="0.00" Interest="0.00" InterestForecasted="0.00" Other="3473.76" OtherForecasted="0.00" Credit="-3473.76" CreditForecasted="0.00" Balance="0.00" BalanceTotalForecasted="0.00">
            <Tx Amt="3473.76" TransID="1024242552" Type="CNVXFO" Post="2019-03-07T01:48:36.307" Effect="2016-12-07" LinkID="0" />
          </Bill>
          <Bill BillID="560542992" BillIDForDisplay="6" Due="2017-09-29" Tax="0.00" Penalty="0.00" PenaltyForecasted="0.00" Interest="0.00" InterestForecasted="0.00" Other="565.77" OtherForecasted="0.00" Credit="-565.77" CreditForecasted="0.00" Balance="0.00" BalanceTotalForecasted="0.00">
            <Tx Amt="565.77" TransID="1829548920" Type="CNVDSB" Post="2019-03-07T01:48:36.087" Effect="2017-09-29" LinkID="0" />
          </Bill>
          <Bill BillID="778646800" BillIDForDisplay="5" Due="2017-05-07" Tax="2284.00" Penalty="0.00" PenaltyForecasted="0.00" Interest="0.00" InterestForecasted="0.00" Other="0.00" OtherForecasted="0.00" Credit="-2284.00" CreditForecasted="0.00" Balance="0.00" BalanceTotalForecasted="0.00">
            <Tx Amt="2284.00" TransID="1359786872" Type="CNVPRV" Post="2019-03-07T01:48:34.01" Effect="2017-05-07" LinkID="0" />
          </Bill>
          <Bill BillID="912864528" BillIDForDisplay="1" Due="2018-04-07" Tax="9600.80" Penalty="0.00" PenaltyForecasted="0.00" Interest="0.00" InterestForecasted="0.00" Other="0.00" OtherForecasted="0.00" Credit="-9600.80" CreditForecasted="0.00" Balance="0.00" BalanceTotalForecasted="0.00">
            <Tx Amt="9600.80" TransID="1091351416" Type="CNVTXD" Post="2019-03-07T01:48:33.883" Effect="2017-05-07" LinkID="0" />
          </Bill>
          <Bill BillID="1315517712" BillIDForDisplay="4" Due="2017-01-15" Tax="2284.00" Penalty="0.00" PenaltyForecasted="0.00" Interest="0.00" InterestForecasted="0.00" Other="0.00" OtherForecasted="0.00" Credit="-2284.00" CreditForecasted="0.00" Balance="0.00" BalanceTotalForecasted="0.00">
            <Tx Amt="2284.00" TransID="286045048" Type="CNVPRV" Post="2019-03-07T01:48:33.993" Effect="2017-01-15" LinkID="0" />
          </Bill>
          <Bill BillID="1902720272" BillIDForDisplay="8" Due="2017-09-29" Tax="0.00" Penalty="0.00" PenaltyForecasted="0.00" Interest="0.00" InterestForecasted="0.00" Other="3675.89" OtherForecasted="0.00" Credit="-3675.89" CreditForecasted="0.00" Balance="0.00" BalanceTotalForecasted="0.00">
            <Tx Amt="3675.89" TransID="319599480" Type="CNVXFO" Post="2019-03-07T01:48:36.867" Effect="2017-09-29" LinkID="0" />
          </Bill>
          <Bill BillID="1986606352" BillIDForDisplay="2" Due="2016-08-28" Tax="0.00" Penalty="0.00" PenaltyForecasted="0.00" Interest="-94.46" InterestForecasted="0.00" Other="0.00" OtherForecasted="0.00" Credit="94.46" CreditForecasted="0.00" Balance="0.00" BalanceTotalForecasted="0.00">
            <Tx Amt="-94.46" TransID="554480504" Type="CNVINC" Post="2019-03-07T01:48:33.947" Effect="2017-09-29" LinkID="0" />
          </Bill>
          <Tx Amt="-5200.00" TransID="688698232" Type="PYMRTN" Post="2019-03-07T01:48:34.463" Effect="2017-05-03" LinkID="0" />
          <Tx Amt="-5200.00" TransID="1762440056" Type="PYMRTN" Post="2019-03-07T01:48:34.57" Effect="2016-08-28" LinkID="0" />
          <Tx Amt="-5000.00" TransID="621589368" Type="PYMRTN" Post="2019-03-07T01:48:35.18" Effect="2016-05-06" LinkID="0" />
          <Tx Amt="-5200.00" TransID="353153912" Type="PYMRTN" Post="2019-03-07T01:48:35.353" Effect="2017-01-15" LinkID="0" />
          <Tx Amt="-3473.76" TransID="2097984376" Type="CNVXFI" Post="2019-03-07T01:48:36.463" Effect="2016-12-07" LinkID="0" />
        </Period>
        <Period Balance="0.00" BalanceTotalForecasted="0.00" FilingPeriod="2018-03-31" Activity="2019-03-07T01:48:36.853">
          <Transfers>
            <Transfer TransID="1124905848" OtherAccountID="132217378" OtherAccountType="INC" OtherPeriod="2016-03-31" />
            <Transfer TransID="1661776760" OtherAccountID="132217378" OtherAccountType="INC" OtherPeriod="2017-03-31" />
          </Transfers>
          <Bill BillID="510211344" BillIDForDisplay="2" Due="2017-08-28" Tax="2392.00" Penalty="0.00" PenaltyForecasted="0.00" Interest="0.00" InterestForecasted="0.00" Other="0.00" OtherForecasted="0.00" Credit="-2392.00" CreditForecasted="0.00" Balance="0.00" BalanceTotalForecasted="0.00">
            <Tx Amt="2392.00" TransID="1896657784" Type="CNVPRV" Post="2019-03-07T01:48:34.337" Effect="2017-08-28" LinkID="0" />
          </Bill>
          <Bill BillID="1047082256" BillIDForDisplay="4" Due="2018-05-07" Tax="4229.12" Penalty="0.00" PenaltyForecasted="0.00" Interest="0.00" InterestForecasted="0.00" Other="0.00" OtherForecasted="0.00" Credit="-4229.12" CreditForecasted="0.00" Balance="0.00" BalanceTotalForecasted="0.00">
            <Tx Amt="4229.12" TransID="1225569144" Type="CNVPRV" Post="2019-03-07T01:48:34.383" Effect="2018-05-07" LinkID="0" />
          </Bill>
          <Bill BillID="1583953168" BillIDForDisplay="3" Due="2018-01-15" Tax="6064.00" Penalty="0.00" PenaltyForecasted="0.00" Interest="0.00" InterestForecasted="0.00" Other="0.00" OtherForecasted="0.00" Credit="-6064.00" CreditForecasted="0.00" Balance="0.00" BalanceTotalForecasted="0.00">
            <Tx Amt="6064.00" TransID="151827320" Type="CNVPRV" Post="2019-03-07T01:48:34.367" Effect="2018-01-15" LinkID="0" />
          </Bill>
          <Bill BillID="1634284816" BillIDForDisplay="5" Due="2018-09-07" Tax="0.00" Penalty="0.00" PenaltyForecasted="0.00" Interest="0.00" InterestForecasted="0.00" Other="4589.88" OtherForecasted="0.00" Credit="-4589.88" CreditForecasted="0.00" Balance="0.00" BalanceTotalForecasted="0.00">
            <Tx Amt="4589.88" TransID="487371640" Type="CNVDSB" Post="2019-03-07T01:48:36.197" Effect="2018-09-07" LinkID="0" />
          </Bill>
          <Bill BillID="1852388624" BillIDForDisplay="1" Due="2019-04-07" Tax="0.00" Penalty="0.00" PenaltyForecasted="0.00" Interest="0.00" InterestForecasted="0.00" Other="0.00" OtherForecasted="0.00" Credit="0.00" CreditForecasted="0.00" Balance="0.00" BalanceTotalForecasted="0.00">
            <Tx Amt="0.00" TransID="822915960" Type="CNVTXD" Post="2019-03-07T01:48:34.32" Effect="2018-04-01" LinkID="0" />
          </Bill>
          <Tx Amt="-5759.00" TransID="957133688" Type="PYMRTN" Post="2019-03-07T01:48:34.837" Effect="2018-05-05" LinkID="0" />
          <Tx Amt="-659.00" TransID="84718456" Type="PYMRTN" Post="2019-03-07T01:48:35.01" Effect="2017-09-30" LinkID="0" />
          <Tx Amt="-2080.96" TransID="1426895736" Type="PYMRTN" Post="2019-03-07T01:48:35.463" Effect="2018-01-15" LinkID="0" />
          <Tx Amt="-5100.00" TransID="890024824" Type="PYMRTN" Post="2019-03-07T01:48:35.587" Effect="2017-08-28" LinkID="0" />
          <Tx Amt="-0.15" TransID="1124905848" Type="CNVXFI" Post="2019-03-07T01:48:36.633" Effect="2017-09-29" LinkID="0" />
          <Tx Amt="-3675.89" TransID="1661776760" Type="CNVXFI" Post="2019-03-07T01:48:36.837" Effect="2017-09-29" LinkID="0" />
        </Period>
        <Period Balance="-4000.00" BalanceTotalForecasted="-4000.00" FilingPeriod="2019-03-31" Activity="2019-06-17T11:29:58.54">
          <BankAccounts>
            <BankAccount>
              <nzBankStandard xmlns="urn:www.ird.govt.nz/GWS:types/Common.v1">
                <bank>03</bank>
                <branch>0410</branch>
                <account>00132510</account>
                <suffix>0000</suffix>
              </nzBankStandard>
              <transactionID>1349571253</transactionID>
            </BankAccount>
          </BankAccounts>
          <Transfers>
            <Transfer TransID="1131176064" OtherAccountID="132217378" OtherAccountType="GST" OtherPeriod="2019-01-31" />
            <Transfer TransID="1401552640" OtherAccountID="132217378" OtherAccountType="INC" OtherPeriod="2016-03-31" />
          </Transfers>
          <Bill BillID="157889808" BillIDForDisplay="1" Due="2018-08-28" Tax="4439.00" Penalty="0.00" PenaltyForecasted="0.00" Interest="0.00" InterestForecasted="0.00" Other="0.00" OtherForecasted="0.00" Credit="-4439.00" CreditForecasted="0.00" Balance="0.00" BalanceTotalForecasted="0.00">
            <Tx Amt="4439.00" TransID="1393341304" Type="PRVDBT" Post="2019-03-07T01:48:37.057" Effect="2018-08-28" LinkID="0" />
          </Bill>
          <Bill BillID="694760720" BillIDForDisplay="3" Due="2019-05-07" Tax="4440.00" Penalty="0.00" PenaltyForecasted="0.00" Interest="0.00" InterestForecasted="0.00" Other="0.00" OtherForecasted="0.00" Credit="-4440.00" CreditForecasted="0.00" Balance="0.00" BalanceTotalForecasted="0.00">
            <Tx Amt="4440.00" TransID="1930212216" Type="PRVDBT" Post="2019-03-07T01:48:37.133" Effect="2019-05-07" LinkID="0" />
          </Bill>
          <Bill BillID="1231631632" BillIDForDisplay="2" Due="2019-01-15" Tax="4440.00" Penalty="0.00" PenaltyForecasted="0.00" Interest="0.00" InterestForecasted="0.00" Other="0.00" OtherForecasted="0.00" Credit="-4440.00" CreditForecasted="0.00" Balance="0.00" BalanceTotalForecasted="0.00">
            <Tx Amt="4440.00" TransID="856470392" Type="PRVDBT" Post="2019-03-07T01:48:37.103" Effect="2019-01-15" LinkID="0" />
          </Bill>
          <Bill BillID="1525041664" BillIDForDisplay="4" Due="2019-07-17" Tax="0.00" Penalty="0.00" PenaltyForecasted="0.00" Interest="0.00" InterestForecasted="0.00" Other="2181.00" OtherForecasted="0.00" Credit="-2181.00" CreditForecasted="0.00" Balance="0.00" BalanceTotalForecasted="0.00">
            <Tx Amt="100.00" TransID="1401552640" Type="FWDITN" Post="2019-06-17T11:21:14.58" Effect="2019-06-17" LinkID="654401664" />
            <Tx Amt="81.00" TransID="1131176064" Type="FWDGST" Post="2019-06-17T11:23:29.293" Effect="2019-06-17" LinkID="654401664" />
            <Tx Amt="1000.00" TransID="1689571456" Type="DSBDIR" Post="2019-06-17T11:25:44.25" Effect="2019-06-17" LinkID="654401664" />
            <Tx Amt="1000.00" TransID="325869696" Type="DSBCHQ" Post="2019-06-17T11:29:58.54" Effect="2019-06-17" LinkID="654401664" />
          </Bill>
          <Tx Amt="-4500.00" TransID="1963766648" Type="PYMRTN" Post="2019-03-07T01:48:35.68" Effect="2019-01-14" LinkID="0" />
          <Tx Amt="-15000.00" TransID="654401664" Type="PYMRTN" Post="2019-06-17T11:04:11.92" Effect="2019-06-17" LinkID="0" />
        </Period>
      </Account>
    </ClientList>
  </Customer>
</Customers>